{"train/eval/avg_metric_score": 0.03543745649628681, "train/global_step": 0, "_timestamp": 1714309051.319886, "_runtime": 3.3032078742980957, "_step": 0, "_wandb": {"runtime": 2}}