{"train/eval/avg_metric_score": 0.0, "train/global_step": 0, "_timestamp": 1714305107.0659645, "_runtime": 3.537583351135254, "_step": 0, "_wandb": {"runtime": 2}}